created_at,id_str,full_text,quote_count,reply_count,retweet_count,favorite_count,lang,user_id_str,conversation_id_str,username,tweet_url,image_url,location
Fri Aug 04 14:27:12 +0000 2023,1687470242996563968,Twitter please do your magic!ü§≤üèº  TELAH HILANG  Sepeda motor honda pcx 150 Ciri ciri seperti diatas  bagi yang menemukannya mohon hubungi 082111977059  Terakhir posisi di alamanda bekasi timur https://t.co/RJKG03QcRc,1,0,11,7,in,246664622,1687470242996563968,Nauufal_,https://twitter.com/Nauufal_/status/1687470242996563968,https://pbs.twimg.com/media/F2sZPRGaEAAcvue.jpg,
Sun Jan 29 08:02:58 +0000 2023,1619607016682708993,Sayonara  AHM Setop Produksi Motor Honda PCX Hybrid di Indonesia - https://t.co/ycIsgdFTpo ahm  dealer  harga  Honda  komponen  mesin  model  motor  produk  produksi  pt astra honda motor  sepeda motor  skuter matik  skutik  teknologi https://t.co/8wjL6gsvIc,0,0,0,1,in,71815448,1619607016682708993,malangraya,https://twitter.com/malangraya/status/1619607016682708993,https://pbs.twimg.com/media/Fnn__2HaUAEt0dc.jpg,"Malang, East Java, Indonesia"
Thu Mar 30 04:50:19 +0000 2023,1641301808743063553,AHM 90116SP0003 Clip Bumper Hex Motor for Honda PCX 150 or New CB150R StreetFire [6 mm] MVVC7UI  https://t.co/1Q4bYx4BbC https://t.co/9Rz07UdaGZ,0,0,0,0,en,1523148399763202049,1641301808743063553,Daron202,https://twitter.com/Daron202/status/1641301808743063553,https://pbs.twimg.com/media/FscTRrZWAAEy9FK.jpg,
Sat Mar 18 00:09:00 +0000 2023,1636882356987392001,AHM Cover R P Step Arm Outer Motor for Honda PCX 150 K97 [50732K97T00ZA] 4QMOEHY  https://t.co/1eOX8kLSN0 https://t.co/RpBxrNT7C7,0,0,0,0,en,1578694610305617920,1636882356987392001,fisher71pjo,https://twitter.com/fisher71pjo/status/1636882356987392001,https://pbs.twimg.com/media/Frdfz2WXoAMVFSI.jpg,
Sun May 07 07:20:32 +0000 2023,1655110350189264900,Lebih waspada lagi ya guys  ini kejadian di Kawasan Strat 6 RT 46 Kelurahan Gunung Samarinda  Balikpapan Utara  Minggu (7/5/2023) motor Honda PCX milik salah satu warga rem nya hilang dipreteli. https://t.co/6e2U80J7tj,0,1,1,3,in,389557442,1655110350189264900,IklanBalikpapan,https://twitter.com/IklanBalikpapan/status/1655110350189264900,https://pbs.twimg.com/ext_tw_video_thumb/1655110293171896320/pu/img/REIC-G9Z4RZz_XsK.jpg,Balikpapan 
Sun Mar 05 06:59:44 +0000 2023,1632274679082745858,AHM Cushion Assy Rear Shock Breaker Belakang Motor for Honda Pcx 150 or Pcx Hybrid [52400K97305] UZCSWE5  https://t.co/pKXIT6rEUm https://t.co/SI07iAUZBf,0,0,0,0,en,1574922820370538497,1632274679082745858,brady62b,https://twitter.com/brady62b/status/1632274679082745858,https://pbs.twimg.com/media/FqcBKaaXoAEapF9.jpg,
Sun May 21 05:07:56 +0000 2023,1660150411678871552,Mantroll Cover Motor Khusus for Honda PCX - Blue 21K8B1V  https://t.co/9QWntiumWr https://t.co/9WpdgveNqK,0,0,0,0,en,1581670612149362690,1660150411678871552,ohara41elsjj,https://twitter.com/ohara41elsjj/status/1660150411678871552,https://pbs.twimg.com/media/FwoJ_jCWwAIDCqG.jpg,
Tue Feb 14 02:29:54 +0000 2023,1625321406312632321,Punten Min @PRFMnews @infobdg @lalinBDG titip info kehilangan. Kunci remote motor Honda PCX + kunci rumah. Ciri2: ada gantungan semi kulit logo Yamaha dan tulisan D 5472 IY Lokasi hilang antara Komplek Bumi Adipura sampai Komplek Buana Soeta Gedebage. Kontak: 0822 1918 4749 Nuhun https://t.co/xRKQzaVhqf,0,1,2,0,in,60083709,1625321406312632321,abasulis,https://twitter.com/abasulis/status/1625321406312632321,https://pbs.twimg.com/media/Fo5NMpvaIAI11x3.jpg,Bandung
Wed Jan 11 10:21:17 +0000 2023,1613118843471433731,download app sellon  kumpulin poin bisa tuker voc macem macem lumayan bget  Referral code : 1emojvf0  https://t.co/NVmqCDdkko  tags. apk sell on voucher voc promo diskon kfc yoshinoya grab bts bangtan kode reff ipad emas motor honda pcx gratis https://t.co/3IYoPieYYm,0,0,8,10,in,1020931652644585472,1613118843471433731,kirsteifn,https://twitter.com/kirsteifn/status/1613118843471433731,https://pbs.twimg.com/media/FmLzBrQaMAUFVoW.jpg,she/her
Fri Aug 04 23:14:25 +0000 2023,1687602922589143040,AHM 90116SP0003 Clip Bumper Hex Motor for Honda PCX 150 or New CB150R StreetFire [6 mm] DCAFWI7  https://t.co/972FdLRsZv https://t.co/OHZFF274jU,0,0,0,0,en,1528916334154616833,1687602922589143040,ErickaWalker40,https://twitter.com/ErickaWalker40/status/1687602922589143040,https://pbs.twimg.com/media/F2uR5MhWgAAp3uo.jpg,
Wed Aug 09 15:12:35 +0000 2023,1689293602378162176,Brisk Cooper Busi Racing Motor for Yamaha R15 - R25 - Lexi - MT15 &amp; Honda PCX 150 RD2I3NJ  https://t.co/93vE2SIoer https://t.co/fHvmeaOdSh,0,0,0,0,en,1523170304092254208,1689293602378162176,EDare61,https://twitter.com/EDare61/status/1689293602378162176,https://pbs.twimg.com/media/F3GTkDLWAAAzUbI.jpg,
Tue Feb 14 02:34:21 +0000 2023,1625322525805940737,RT @abasulis : #Infokehilangan  Kunci remote motor Honda PCX + kunci rumah. Ciri2: ada gantungan semi kulit logo Yamaha dan tulisan D 5472 IY Lokasi hilang antara Komplek Bumi Adipura sampai Komplek Buana Soeta Gedebage. Kontak: 0822 1918 4749 https://t.co/mCGCuzBThD,0,1,3,8,in,150589950,1625322525805940737,PRFMnews,https://twitter.com/PRFMnews/status/1625322525805940737,https://pbs.twimg.com/media/Fo5NMpvaIAI11x3.jpg,"Bandung, West Java, Indonesia"
Sat Feb 11 10:21:31 +0000 2023,1624352928990650369,Cek headlamp lampu depan motor honda pcx 160 CC original K1Z dengan harga Rp1.067.000. Dapatkan di Shopee sekarang! https://t.co/bp31HXhU4Q https://t.co/EAZ1NYic9x,0,0,0,0,in,397863484,1624352928990650369,Dhoddy_budiman,https://twitter.com/Dhoddy_budiman/status/1624352928990650369,https://pbs.twimg.com/media/ForcYW1aQAIGE4j.jpg,"Medan Kota, Indonesia"
Thu Aug 24 04:15:49 +0000 2023,1694564143398044057,INDENT - All New Honda PCX CBS 160 Sepeda Motor [VIN 2021] HUN95WW  https://t.co/LSQainVYcI https://t.co/MTaa98746S,0,0,0,0,en,1529271011195211781,1694564143398044057,KevonMohr,https://twitter.com/KevonMohr/status/1694564143398044057,https://pbs.twimg.com/media/F4RNGBHaoAAEfDc.jpg,
Thu Mar 16 09:56:54 +0000 2023,1636305529923567617,@NetflixID Min  bantuin cari pemilik kunci motor Honda PCX terjatuh depan AEON JGC  Cakung. #kuncihilang https://t.co/Lm6S2mNZBO,0,0,0,0,in,2161322934,1629028710019137536,jensenthomas64,https://twitter.com/jensenthomas64/status/1636305529923567617,https://pbs.twimg.com/media/FrVTM-6aYAIA6Na.jpg,Cibubur
Tue May 30 00:44:44 +0000 2023,1663345663596285953,FUSION-R Sarung Motor Honda PCX WATERPROOF Tasla Korean Import [ Cover Motor Honda PCX ] - Original Original TCTCCIR  https://t.co/MzHuN35rQW https://t.co/RHXX5Jk3M9,0,0,0,0,ca,1575681868032155648,1663345663596285953,bergnaumwsg,https://twitter.com/bergnaumwsg/status/1663345663596285953,https://pbs.twimg.com/media/FxVkDsuWIAE5NI8.jpg,
Fri Jan 13 13:35:45 +0000 2023,1613892560740810752,wts // jual motor honda pcx 125 tahun 2010 km 9rb dom jakarta tanya2 boleh dm atau lgsg wa yang di bio https://t.co/XN5Rbjc0cj,0,2,0,0,in,1533861973917859840,1613892560740810752,keynesian__,https://twitter.com/keynesian__/status/1613892560740810752,https://pbs.twimg.com/media/FmWyulEaEAEoAiX.jpg,payment via all e-wallet
Thu Nov 16 08:17:44 +0000 2023,1725065600781983956,@0tk0il  Tolong di rt mang @0tk0il  Info kehilangan Kunci motor Honda PCX dan barcode nya disekitar Kalimalang Cipinang Indah Jakarta timur. Tolong bagi yg menemukan bisa menghubungi WhatsApp 081219755546 Terimakasih mang https://t.co/hjs8xLvoNl,0,0,5,1,in,1370335199184056326,1725065600781983956,motituwoy,https://twitter.com/motituwoy/status/1725065600781983956,https://pbs.twimg.com/media/F_CqBWlaQAA3PSC.jpg,
Fri Jul 07 06:34:22 +0000 2023,1677204392859295745,BroSis pakai motor Honda PCX 160 nggak nih???  Aksesoris nya mau yg baru???  Hayooo jangan sampai kelewatan sama Diskonnya nih BroSis...Supaya motor Honda PCX 160 tetap keceee dengan aksesoris baru!!!  #TetapSatuHati  #HondaBanten #OneHeart #Diskon #PCX160 #Moski https://t.co/BtmiH1eT6k,0,0,0,0,in,825910780591681536,1677204392859295745,fajarmandiri_,https://twitter.com/fajarmandiri_/status/1677204392859295745,https://pbs.twimg.com/media/F0agdfEacAAB91m.jpg,"Serang, Indonesia"
Sat Jul 29 03:50:48 +0000 2023,1685135761149243392,Weekend yang cerah di pagi ini. Giat kawal teman club motor @honda_pcx_club @honda_pcx_club ke Lokasi akad nikah. Berangkat dari Halim Jaktim ke Kebon Jeruk JakBar https://t.co/mQLaQHWb2c,0,0,0,1,in,171552626,1685135761149243392,TxtFromBigBee,https://twitter.com/TxtFromBigBee/status/1685135761149243392,https://pbs.twimg.com/ext_tw_video_thumb/1685135704710672384/pu/img/y5g06mka94Nr3Xb9.jpg,"di CoffeeShop, lg nyari Wifi "
Sat Feb 04 04:01:37 +0000 2023,1621720606625480704,Inilah Cara Mudah Memasang Aki Motor Honda PCX 160¬†Terbaru https://t.co/1bTSPVdWLC,0,0,0,0,in,1466905140951093249,1621720606625480704,HaflaniNafisah,https://twitter.com/HaflaniNafisah/status/1621720606625480704,,Indonesia
Wed Nov 22 00:14:23 +0000 2023,1727118290215203129,Mantroll Cover Motor for Honda PCX - Biru Tosca YEDO8E5  https://t.co/gkLc439eWU https://t.co/XsqAiDydDz,0,0,0,0,en,1585030442771783695,1727118290215203129,barton3zzzlf,https://twitter.com/barton3zzzlf/status/1727118290215203129,https://pbs.twimg.com/media/F_f07Kqa0AAcS8I.jpg,
Thu Aug 24 06:44:04 +0000 2023,1694601450054422766,Plesetan dari saloon yang berarti tempat nongkrong atau bar. Lalu  apa hubungannya bar atau tempat minum-minum sama motor Honda PCX? Itu karena saloon biasanya identik dengan tempat untuk orang bersantai menghilangkan stres yang suasananya asik! https://t.co/dbgaWyVqc0,0,0,0,0,in,2916349202,1694601450054422766,asiasurya,https://twitter.com/asiasurya/status/1694601450054422766,https://pbs.twimg.com/media/F4RvCNga8AAG9IU.jpg,Jl. Soekarno Hatta 25 Pasuruan
Fri Aug 18 01:09:29 +0000 2023,1692342922430279963,Spion motor Honda PCX 150 160 Vario 160 standar kualitas ori silakan cek produknya di link ini ya bosku.   https://t.co/6ZRZTHa39s #ShopeeID https://t.co/5lRIEOB3me,0,0,0,0,in,1392295007583805442,1692342922430279963,NanangS90887790,https://twitter.com/NanangS90887790/status/1692342922430279963,https://pbs.twimg.com/ext_tw_video_thumb/1692342856088977408/pu/img/AgtgWNWSiKbCxBSS.jpg,
Wed Nov 29 17:31:44 +0000 2023,1729916064560304418,Mantroll Cover Motor Khusus for Honda PCX - Blue JWLBL5B  https://t.co/BOxw5xHNg9 https://t.co/P3FxprBSlE,0,0,0,0,en,1585914829214212096,1729916064560304418,Franz25W,https://twitter.com/Franz25W/status/1729916064560304418,https://pbs.twimg.com/media/GAHlfACa8AAOtjZ.jpg,
Sun Dec 03 22:00:15 +0000 2023,1731433190076895448,AHM Cushion Assy Rear Shock Breaker Belakang Motor for Honda Pcx 150 or Pcx Hybrid [52400K97305] S7F2D6R  https://t.co/9y604gPcw6 https://t.co/1ZVGT1YW73,0,0,0,0,en,1585132822527983617,1731433190076895448,leannon84vtnfc,https://twitter.com/leannon84vtnfc/status/1731433190076895448,https://pbs.twimg.com/media/GAdJTX-aAAA-P2F.jpg,
Sat Dec 02 11:32:01 +0000 2023,1730912700023382525,INDENT - All New Honda PCX CBS 160 Sepeda Motor [VIN 2021] DJ1T1B7  https://t.co/0Si2HYwqhZ https://t.co/hRG4Ebqzn2,0,0,0,0,en,1585132822527983617,1730912700023382525,leannon84vtnfc,https://twitter.com/leannon84vtnfc/status/1730912700023382525,https://pbs.twimg.com/media/GAVv61FaAAABpjN.jpg,
Tue Nov 21 20:24:56 +0000 2023,1727060547819155751,Bracket Brecket Breket Box Motor Honda PCX 150 Lokal A239 QHXAHCQ  https://t.co/WRYU8Ly4k8 https://t.co/3KLErt2vvg,0,0,0,0,und,1585425221258969088,1727060547819155751,Giles18U,https://twitter.com/Giles18U/status/1727060547819155751,https://pbs.twimg.com/media/F_fAZ_PWQAA_D3c.jpg,
Fri Jan 27 09:46:37 +0000 2023,1618908327144210432,Jalan-jalan naik motor makin terasa asik dengan mengendarai motor Honda PCX 160 yang fantastik. Teknologi mesinnya canggih  tampilannya juga keren  wow fantastiküò≤   Kamu bisa melakukan pengajuan bersama dengan FIFASTRA melalui FIFADA buat punya motor Honda impianmu.   #FIFADA https://t.co/MGt5CpRn5D,0,0,0,1,in,1091221610080550912,1618908327144210432,fifadaofficial,https://twitter.com/fifadaofficial/status/1618908327144210432,https://pbs.twimg.com/media/FneEhKzaIAACG-e.jpg,"Jakarta Selatan, DKI Jakarta"
Sun Dec 10 12:58:37 +0000 2023,1733833596215931134,Black Diamond Hook Adjustable Gantungan Barang Motor for Honda PCX 150 Lokal CRD1QFV  https://t.co/aquQtENKct https://t.co/MbRfzjzvno,0,0,0,0,en,1586899464962412547,1733833596215931134,jacynthe31dmm,https://twitter.com/jacynthe31dmm/status/1733833596215931134,https://pbs.twimg.com/media/GA_QdYYWgAABmKG.jpg,
Tue Apr 25 09:17:33 +0000 2023,1650791145063190529,Harga Motor Honda PCX: Spesifikasi  Fitur  Kelebihan dan Kekurangannya Terupdate April 2023: Honda bersaing dengan kompetitornya pada segmen skuter matic berukuran besar dengan meluncurkan Honda PCX. Motor ini bersaing dengan harga motor yang kompetitif‚Ä¶ https://t.co/9YbqRVRJTT https://t.co/L4A9QqfYoC,0,0,0,0,in,117686358,1650791145063190529,otosia,https://twitter.com/otosia/status/1650791145063190529,https://pbs.twimg.com/media/FujJzFzaAAQwTrI.jpg,"Jakarta, Indonesia"
Wed Aug 23 13:01:35 +0000 2023,1694334067133825126,Cek 1PCS #EMBLEM #PCX PELAN #LOGO PCX PELAN TIMBUL BUKAN #STIKER HONDA PCX 150 160 PELAN #AKSESORIS MOTOR PCXLAMA PCX NEW STICKER 3D MOTOR #VARIASI MOTOR #HONDA PCX dengan harga Rp19.210. Dapatkan di Shopee sekarang! https://t.co/6DXZK5ejT4 https://t.co/WxyD4T7Iu9,0,0,0,0,in,1464952842859388929,1694334067133825126,yeshikazeline,https://twitter.com/yeshikazeline/status/1694334067133825126,https://pbs.twimg.com/media/F4N72j1aEAAysVA.jpg,Jakarta Capital Region
Tue Apr 25 10:22:15 +0000 2023,1650807425555890178,Harga Motor Honda PCX: Spesifikasi  Fitur  Kelebihan dan Kekurangannya Terupdate April 2023 https://t.co/YBTWp8eDzT,0,0,0,0,in,1279912839180718080,1650807425555890178,emotor_id,https://twitter.com/emotor_id/status/1650807425555890178,,Indonesia
Wed Jun 07 13:26:26 +0000 2023,1666436455676141574,Ramai Uang Koin 1000 Bisa Beli 5 Motor Honda PCX  Cek Informasinya Disini! https://t.co/4oQZutRoSU,0,0,0,0,in,1527783712502726656,1666436455676141574,Arjunpenahrasa,https://twitter.com/Arjunpenahrasa/status/1666436455676141574,,
Sun Aug 13 04:04:23 +0000 2023,1690574998040440832,"Cek Harga Motor Honda PCX 160 Terbaru per Agustus 2023""  Motor Honda PCX 160 keluaran terbaru ini bisa menjadi rekomendasi untuk kamu loh.  https://t.co/F3KVoFq9u2 lewat @tribunjualbeli""",0,0,0,1,in,1101220231,1690574998040440832,TribunJualBeli,https://twitter.com/TribunJualBeli/status/1690574998040440832,,Indonesia
Fri May 12 15:37:31 +0000 2023,1657047359631802373,penasaran rasanya nging pakai honda PCX listrik  #honda #pcxlistrik #pcxelectric #ev   Cara Kerja Motor Listrik Honda PCX Electric EV : Monggo Di Intip https://t.co/KoeSQWvTLD lewat @ipanase,0,0,0,0,in,100258807,1657047359631802373,ipanase,https://twitter.com/ipanase/status/1657047359631802373,,YOGYAKARTA
Tue Nov 07 14:45:58 +0000 2023,1721901815216890043,Cek KARPET MOTOR HONDA PCX 150/ALAS KAKI MOTOR HONDA PCX 150/PIJAKAN MOTOR HONDA PCX 150/VARIASI MOTOR HONDA PCX 150/AKSESORIS MOTOR HONDA PCX 150 dengan harga Rp120.000. Dapatkan di Shopee sekarang! https://t.co/VTfoTPHgiK https://t.co/liEO4succN,0,0,0,0,in,1668702149461831681,1721901815216890043,yonosteven10,https://twitter.com/yonosteven10/status/1721901815216890043,https://pbs.twimg.com/media/F-Vsk2maEAAeB6L.jpg,"Sumenep, Jawa Timur"
Tue Nov 07 14:45:32 +0000 2023,1721901704210510282,Cek PIJAKAN MOTOR HONDA PCX 150 | ALAS KAKI MOTOR HONDA PCX 150 | KARPET MOTOR HONDA PCX 150 | AKSESORIS MOTOR HONDA PCX 150 | VARIASI MOTOR HONDA PCX 150 dengan harga Rp120.000. Dapatkan di Shopee sekarang! https://t.co/B7Q3o0EZlE https://t.co/0Rb8XyD6nI,0,0,0,0,in,1668702149461831681,1721901704210510282,yonosteven10,https://twitter.com/yonosteven10/status/1721901704210510282,https://pbs.twimg.com/media/F-VseY-bkAA8iYO.jpg,"Sumenep, Jawa Timur"
Wed Nov 29 19:35:34 +0000 2023,1729947227416936514,FUSION-R Sarung Motor Honda PCX WATERPROOF Tasla Korean Import [ Cover Motor Honda PCX ] - Original Original ZIQQGFY  https://t.co/oMfYFoYX3Q https://t.co/aCufunG1BF,0,0,0,1,ca,1588011595124310017,1729947227416936514,Pasquale94E,https://twitter.com/Pasquale94E/status/1729947227416936514,https://pbs.twimg.com/media/GAIB09GakAAFnun.jpg,
Fri Apr 28 07:41:41 +0000 2023,1651854181597331458,Mobil Toyota Innova dan motor Honda PCX tertimpa truk tronton yang terguling di Mojosari  Kabupaten Mojokerto. Pengendara motor tewas https://t.co/BdZVCSW77x,0,0,0,0,in,1438678136049205248,1651854181597331458,TribunMataraman,https://twitter.com/TribunMataraman/status/1651854181597331458,,
Mon Jan 02 04:41:01 +0000 2023,1609771722273882113,"Coba cek ini  deh: Gantungan Kunci Motor Honda Pcx Adv Vario Scoopy Crf Cbr Yamaha Nmax A"" Rp55.000 di toko OlshopLimchenping Tokopedia. Bisa bebas ongkir  lho.  https://t.co/cWIaYmu1c7""",0,0,0,0,in,1453006842074906624,1609771722273882113,SuryantoLim94,https://twitter.com/SuryantoLim94/status/1609771722273882113,,"Penjaringan, Indonesia"
Mon Dec 11 03:06:08 +0000 2023,1734046880512843987,Scooter Prospeed Knalpot Motor Series for Honda PCX 3QOB4RT  https://t.co/2ZIwAoE4jM https://t.co/Hnc7lmsZWQ,0,0,0,0,en,1587266176333258753,1734046880512843987,sanfordxbpa,https://twitter.com/sanfordxbpa/status/1734046880512843987,https://pbs.twimg.com/media/GBCScIhXAAAea9a.jpg,
Tue Dec 05 05:19:13 +0000 2023,1731906048779567558,Rumah Penyimpanan Benda Sitaan Negara (Rupbasan) Kelas I Samarinda mengeluarkan 2 (dua) Barang Bukti berupa Kendaraan Roda 4 yakni Mobil Toyota Calya Warna Hitam KT 1486 WY dan kendaraan roda 2 Motor Honda PCX warna merah maroon KT 6513 BAF. Selasa  05 Desember 2023. https://t.co/uRQjpzAgpZ,0,0,0,0,in,704854132696309761,1731906048779567558,RUPBASANSMDA,https://twitter.com/RUPBASANSMDA/status/1731906048779567558,https://pbs.twimg.com/media/GAj3T8obEAAHWv_.jpg,"Kalimantan Timur, Indonesia"
Fri Sep 01 03:38:53 +0000 2023,1697453951925604781,Keunggulan aki tipe ini: 1Ô∏è‚É£ Bebas perawatan 2Ô∏è‚É£ Siap langsung dipakai 3Ô∏è‚É£ Dijamin tidak bocor 4Ô∏è‚É£ Menghasilkan daya start tinggi 5Ô∏è‚É£Idling Stop Battery mendukung kelistrikan motor selalu prima &amp; bekerja baik Pas juga untuk motor Honda PCX 150 &amp; Yamaha Mio GT SSS #GSAstra https://t.co/5xoB6q4ECn,0,0,0,1,in,386423175,1697453951925604781,Aki_GS_Astra,https://twitter.com/Aki_GS_Astra/status/1697453951925604781,https://pbs.twimg.com/media/F46RXgTbAAAFuhv.jpg,Indonesia
Wed May 31 06:24:33 +0000 2023,1663793569507983366,Asyik  Warga Solo Bayar PBB Gasik Dapat Undian Hadiah Motor Honda PCX https://t.co/J4GISnA9sC,0,0,0,2,in,155169715,1663793569507983366,soloposdotcom,https://twitter.com/soloposdotcom/status/1663793569507983366,,"Solo, Central Java, Indonesia"
Tue Mar 07 16:42:18 +0000 2023,1633146061857644545,di bayangan aku mah nagi pakenya motor honda pcx karena katanya kalo motor koplingan ribet.,0,0,0,0,in,1044145466672377858,1633146061857644545,mmeguyuu,https://twitter.com/mmeguyuu/status/1633146061857644545,,"Tegal, Jawa Tengah"
Thu Jul 27 19:46:04 +0000 2023,1684651388540968963,Truk tangki tabrak menabrak motor Honda Beat nopol S 5429 OBF dan motor Honda PCX nopol S 6150 AAV  #kecelakaan #lakalantas #pengendaramotor #mojowarno #jombang #satlantas #polresjombang @lantas_resjbg @RTMCJatim  https://t.co/cLhEDT2a7i,0,0,0,2,in,1226400848080539650,1684651388540968963,BongkahI,https://twitter.com/BongkahI/status/1684651388540968963,,"Jakarta Pusat, DKI Jakarta"
Tue Nov 07 14:46:27 +0000 2023,1721901935643812074,Cek CANTOLAN/GANTUNGAN BARANG VARIASI AKSESORIS MOTOR HONDA PCX ABS-PCX ABS/PCX LOKAL/PCX NEW/PCX 150/PCX 160/PCX 160 NEW/ADV 150/ADV PAHE 7ITEM dengan harga Rp468.500. Dapatkan di Shopee sekarang! https://t.co/BLkfS0u158 https://t.co/N03wbMoWGs,0,0,0,0,in,1668702149461831681,1721901935643812074,yonosteven10,https://twitter.com/yonosteven10/status/1721901935643812074,https://pbs.twimg.com/media/F-Vsr2LbYAA-V4g.jpg,"Sumenep, Jawa Timur"
Sat Jun 24 05:26:33 +0000 2023,1672476283056566273,Entah Malas Baca atau Memang Gak Tahu  Seorang Wanita Jual Honda PCX Mainan Tapi Malah Ditanya Soal Pajak: Pemilik akun menjual motor aki anak Honda PCX di marketplace Facebook. Dalam keterangannya  kondisi motor mainan itu masih mulus karena jarang‚Ä¶ https://t.co/1MPM6ycb2P https://t.co/AUAMje9Kv8,0,0,0,0,in,117686358,1672476283056566273,otosia,https://twitter.com/otosia/status/1672476283056566273,https://pbs.twimg.com/media/FzXUUQbaIAASqIb.jpg,"Jakarta, Indonesia"
Sun Feb 12 15:04:07 +0000 2023,1624786434417897472,Harga Motor Honda PCX Terbaru Februari 2023  Skutik Premium yang Nyaman  Elegan dan Mewah https://t.co/40tcVPoWrr,0,0,0,0,in,1610810974529032198,1624786434417897472,InfoTerbaru_ID,https://twitter.com/InfoTerbaru_ID/status/1624786434417897472,,Indonesia
Tue Dec 05 13:34:05 +0000 2023,1732030582941704506,Temukan dan dapatkan Stiker Pelek Motor Honda PCX 160 Aksesoris Variasi List Velg Termurah hanya Rp29.666 di Shopee sekarang juga! https://t.co/1i820jbnNT #ShopeeID https://t.co/aPgGb3p75I,0,0,0,0,in,80767162,1732030582941704506,alendramarson,https://twitter.com/alendramarson/status/1732030582941704506,https://pbs.twimg.com/media/GAloov6aYAACPBF.jpg,Bandung
Sat Sep 09 08:48:13 +0000 2023,1700430898712412421,https://t.co/EG5Ss9W0H5  Kubu Raya kembali menelan korban. Tabrakan hebat antara Mobil Minibus Avanza KB 1449 WU dan Sepeda Motor Honda PCX KB 6918 XS di Km 64.300 Dusun Binuang  Desa Teluk Bakung  Kecamatan Sui Ambawang  Kabupaten Kubu Raya  Senin (4/9/2023) pukul 06.00 Wib. https://t.co/DrKevPLhi6,0,0,0,0,in,1601134830993149953,1700430898712412421,TerentangPolisi,https://twitter.com/TerentangPolisi/status/1700430898712412421,https://pbs.twimg.com/media/F5kk4FEacAAw3f4.jpg,"West Borneo, Indonesia"
Sun Mar 19 07:38:26 +0000 2023,1637357849939701761,Beli Motor Honda PCX 160 ABS 2023 Harus Inden Lama Hingga 3 Bulan Lebih  Ternyata Gara-gara Ini Toh! #Honda #pcx #HondaPCX #pcx160 #HondaPCX160  https://t.co/Bnf4BikpXH,0,0,0,0,in,803539781019799552,1637357849939701761,AyoBogorCom,https://twitter.com/AyoBogorCom/status/1637357849939701761,,"Bogor, Jawa Barat"
Mon Nov 06 03:11:28 +0000 2023,1721364648413565264,pembelian motor Honda PCX 150 dengan diskon spesial sebesar 1 juta rupiah. Jangan lewatkan kesempatan ini untuk mendapatkan motor impianmu dengan harga yang lebih terjangkau. Promo berlaku hingga tanggal 31 Agustus 2021.,0,0,0,0,in,1689591466933604352,1721364648413565264,oldyuliant,https://twitter.com/oldyuliant/status/1721364648413565264,,Surabaya
Wed Sep 06 03:49:44 +0000 2023,1699268620877279555,Kecelakaan tersebut melibatkan sebuah sepeda motor Honda PCX dan sebuah dump truck Mitsubishi  dan berakhir dengan kehilangan seorang warga negara asing (WNA) asal Rumania.https://t.co/ziq9M5LUeR,0,0,0,0,in,1564021980982312960,1699268620877279555,tinewssofficial,https://twitter.com/tinewssofficial/status/1699268620877279555,,"Sumedang, Indonesia"
Fri Oct 27 03:05:10 +0000 2023,1717739186189631738,Simulasi Angsuran Motor Honda PCX 160  Terjangkau Loh https://t.co/6i915zjARO,0,0,0,0,in,1701853261597495296,1717739186189631738,OnlineJamb87336,https://twitter.com/OnlineJamb87336/status/1717739186189631738,,
Wed Oct 25 00:05:06 +0000 2023,1716969095521022103,Table Angsuran Motor Honda PCX 160 2023  Dp Terjangkau Banget https://t.co/PoNumBeN8d,0,0,0,0,in,1701853261597495296,1716969095521022103,OnlineJamb87336,https://twitter.com/OnlineJamb87336/status/1716969095521022103,,
Fri Nov 10 05:00:34 +0000 2023,1722841655311536144,Wujudkan motor Honda PCX impian sekarang bersama FIFASTRA  klik link berikut https://t.co/yNHi7ItuSY  Bayar angsuran cicilan motormu cukup dengan menggunakan aplikasi AstraPay.   #FIFGROUPLebihBaik #FIFGROUP #BetterLifeBetterFuture #PilihFIFASTRA https://t.co/rq4GNgmTCM,0,2,0,2,in,384193674,1722841655311536144,FIFCLUB,https://twitter.com/FIFCLUB/status/1722841655311536144,https://pbs.twimg.com/media/F-jDWuwW0AAI9Xb.jpg,Indonesia
Wed Sep 27 17:20:50 +0000 2023,1707082885511999803,Abi bu galerici √ßetelerine el atƒ±n yahu motorbisiklet araba i≈üi yapanlar motorbisiklet alacaƒüƒ±m BEN VATANDA≈ûIM bayi fiyatƒ± 120 bin ikinci eli 170 bin ayƒ±ptƒ±r g√ºnahdƒ±r bayide direk  galericilerle ortak √ßalƒ±≈üƒ±yor binlerce motor honda pcx marka  bunun gibi binlerce si var AF ETME,0,0,0,0,tr,1484554930866249731,1707082885511999803,mgmg72mg,https://twitter.com/mgmg72mg/status/1707082885511999803,,
Tue Mar 14 11:12:58 +0000 2023,1635599897012629505,IRC dan HPCI Bali Kampanyekan 'Sayangi Bumi  Kurangi Plastik' https://t.co/e6wDVIwj9A Semangat menjaga citra pariwisata Bali inilah yang ditunjukkan oleh komunitas motor Honda PCX Club Indonesia (HPCI) Bali Chapter,0,0,0,0,in,2655442453,1635599897012629505,nusabalicom,https://twitter.com/nusabalicom/status/1635599897012629505,,"Denpasar, Bali"
Wed Dec 06 14:03:39 +0000 2023,1732400412014399716,Perbedaan Sepeda Motor Honda PCX ABS dan CBS  Yuk Simak Ulasan Berikut! https://t.co/GTR7EGbn7N,0,0,0,0,in,775598663024259072,1732400412014399716,KabarBanten72,https://twitter.com/KabarBanten72/status/1732400412014399716,,"Kota Serang, Banten"
Sat Jul 08 03:50:38 +0000 2023,1677525576419258368,Berikut penjelasan penyebab dari Crankcase Motor Honda PCX 160  Vario 160 dan ADV 160 Rawan Pecah saat melalui polisi tidur yang tinggi. https://t.co/qGKbriv9KF,0,0,0,0,in,1661564143206555651,1677525576419258368,mesinmachines,https://twitter.com/mesinmachines/status/1677525576419258368,,"Tangerang, Indonesia"
Tue Feb 28 07:34:03 +0000 2023,1630471378288926720,Dan Terjadi Lagi : Kini di Boyolali  Motor Honda PCX Ditinggal Begitu Saja Tak Tahu Siapa Pemiliknya https://t.co/weLumjvljM,0,0,0,0,in,1255738688534790144,1630471378288926720,Tribun_Solo,https://twitter.com/Tribun_Solo/status/1630471378288926720,,"Karanganyar, Jawa Tengah"
Tue Jun 27 10:07:02 +0000 2023,1673634033841115136,satu unit sepeda motor Honda PCX Electric dan satu unit power product Honda's LiB-AID E500 untuk mendukung mobilitas dan kegiatan pembelajaran di lingkungan UI. Berita selengkapnya hanya di https://t.co/afnTTiI0LR  #BeritaHonda #Honda #HondaJakartaCenter #HondaJabodetabek,0,0,0,0,in,532139788,1673634030980595712,Honda_HJC,https://twitter.com/Honda_HJC/status/1673634033841115136,,Indonesia
Mon Feb 06 04:26:17 +0000 2023,1622451591981993984,Sedangkan dua korban luka pengendara dan penumpang motor Honda PCX nopol W 6629 ZW  JA (37) pria asal Desa Karangsoko  Trenggalek dan FI (33) perempuan asal Desa Pucanganom  Sidoarjo.,0,0,0,0,in,1422902982421598208,1622451577591316480,pasuruaninfo_,https://twitter.com/pasuruaninfo_/status/1622451591981993984,,
Wed Sep 06 08:09:40 +0000 2023,1699334036177735988,redaksi https://t.co/nVCWR9HLmM  para korban terseret truk kuning yang datang dengan kecepatan tinggi.  ‚ÄúPara korban sedang berada di pinggir jalan dengan kendaraan sepeda motor Honda PCX warna putih yang mengarah ke arah Cibadak ‚Äù kata dia.,0,0,0,0,in,708107025528561664,1699334022818889794,MuhamadsAdii,https://twitter.com/MuhamadsAdii/status/1699334036177735988,,Today
Sun Aug 06 02:54:37 +0000 2023,1688020726996209664,@Paltiwest Adanya motor honda PCX saat ini berawal dari Honda 70  setiap produk tidak ada yg langsung sempurna. Mercedes Benz berawal dari kereta kayu.,0,0,0,0,in,1530186017256271872,1687043769886187520,rose_minie11,https://twitter.com/rose_minie11/status/1688020726996209664,,
Sun Dec 03 02:35:12 +0000 2023,1731139995103056127,Motor Honda PCX  Motor yang Bakal Mengantarmu Naik Kasta Kehidupan #TerminalMojok https://t.co/WvBJ4bBu4i,0,0,0,0,in,2388795571,1731139995103056127,mojokdotco,https://twitter.com/mojokdotco/status/1731139995103056127,,redaksi@mojok.co
Tue Jan 17 11:02:52 +0000 2023,1615303638129283074,Viral video pengendara wanita mengendarai motor Honda PCX. Kepalanya tertutup jilbab karena melaju dengan kencang. Kok bisa ya detikers?  https://t.co/PyVFllHzJN,0,1,0,7,in,69183155,1615303638129283074,detikcom,https://twitter.com/detikcom/status/1615303638129283074,,"Jakarta, Indonesia"
Tue Apr 11 00:39:02 +0000 2023,1645587226372501504,SELAMAT !! Komunitas Motor Honda PCX Club Indonesia (HPCI) Mungkid Chapter Diresmikan https://t.co/xHgyk5DrwY lewat @BorobudurNews_,0,0,1,0,in,828503372969832448,1645587226372501504,BorobudurNews_,https://twitter.com/BorobudurNews_/status/1645587226372501504,,"Sleman, Indonesia"
Mon Jan 09 05:24:31 +0000 2023,1612319386622386176,Wow! Ikan Gabus Hias Harganya Setara Motor Honda PCX! https://t.co/eJoaAzir2c,0,0,0,0,in,1417808011024683011,1612319386622386176,buddykuofficial,https://twitter.com/buddykuofficial/status/1612319386622386176,,
Tue Jan 31 10:06:06 +0000 2023,1620362779202056199,Federal Oil Beri Hadiah Motor Honda PCX ke Pemenang SOBER https://t.co/cMHXrOrDDP #TempoOtomotif,0,0,0,0,in,18129942,1620362779202056199,tempodotco,https://twitter.com/tempodotco/status/1620362779202056199,,Indonesia
Mon Jan 30 10:45:06 +0000 2023,1620010208121729024,Selain biayanya murah  ada beberapa peningkatan lain yang bisa dirasakan setelah melakukan modifikasi CVT di motor Honda PCX https://t.co/lkIxaQXr3X,0,0,0,2,in,23343960,1620010208121729024,kompascom,https://twitter.com/kompascom/status/1620010208121729024,,Jakarta
Sun May 28 12:44:04 +0000 2023,1662801913451266048,Motor PCX Pengunjung Alun-alun Trunojoyo Sampang Digondol Maling.  Motor honda PCX milik pengunjung di Alun-alun Trunojoyo  Sampang  hilang digondol maling saat diparkir. Korban pencurian kendaraan‚Ä¶ #HukumKriminal #alunaluntrunojoyo via @beritajatimcom https://t.co/ZsspY78TkW,0,0,0,0,in,21287066,1662801913451266048,beritajatimcom,https://twitter.com/beritajatimcom/status/1662801913451266048,,Surabaya
Mon Jan 09 06:40:00 +0000 2023,1612338379890253825,Wow! Ikan Gabus Hias Harganya Setara Motor Honda PCX! Beli Ikan atau Motor ya? #LengkapCepatBeritanya #BeritaTerkini #Berita #News #BeritaNasional .  https://t.co/FaReHpH8ZQ,0,0,0,0,in,47274731,1612338379890253825,okezonenews,https://twitter.com/okezonenews/status/1612338379890253825,,Jakarta
Tue Jan 31 03:10:00 +0000 2023,1620258066662055936,@JeparaPolres  Tgl 2-3-2021 Saya melakukan pembelian sepeda motor Honda pcx warna merah secara tunai kpd dealer @astramotor purwodadi sistem pembayaran cod dg perantara seorang sales domisili demak kec mijen desa bremi Tapi sampe sekarang bpkb motor tersebut belum juga diserahkan,0,1,0,0,in,1600804045467553792,1620258066662055936,ayuzzz11,https://twitter.com/ayuzzz11/status/1620258066662055936,,"Jepara, Indonesia"
Mon Oct 16 04:07:59 +0000 2023,1713768729174237451,Undi-Undi Hepi bulan Oktober dateng dengan beragam hadiah seru! ü•≥  Langsung tukar #TelkomselPoin kamu di MyTelkomsel/klik https://t.co/myE0VKs7NR &amp; siap-siap menangin kesempatan bawa pulang hadiah mobil Xpander Cross  sampe motor Yamaha NMax. Yuk tukar #PoinHepi kamu! *S&amp;K https://t.co/Yn1sOA9wqm,0,10,0,8,in,255409050,1713768729174237451,Telkomsel,https://twitter.com/Telkomsel/status/1713768729174237451,https://pbs.twimg.com/ext_tw_video_thumb/1713768416283336704/pu/img/gLEqSbHqH30t65Sm.jpg,Indonesia
Mon May 29 22:45:24 +0000 2023,1663315633025458177,Cover Super Cover Motor for Yamaha NMax - Hitam VCCEP1U  https://t.co/ZJiT6RmxFO https://t.co/DsK9aV5UB4,0,0,0,0,en,1575681868032155648,1663315633025458177,bergnaumwsg,https://twitter.com/bergnaumwsg/status/1663315633025458177,https://pbs.twimg.com/media/FxVIvycWcAAEeWo.jpg,
Mon May 22 00:52:03 +0000 2023,1660448400783941634,RCB A108 Alloy Level Set Handle Rem Tuas Rem Motor for Yamaha Nmax ZQG1CFY  https://t.co/nZYSooujfX https://t.co/ZH1jNoIfSI,0,0,0,0,en,1581670612149362690,1660448400783941634,ohara41elsjj,https://twitter.com/ohara41elsjj/status/1660448400783941634,https://pbs.twimg.com/media/FwsZA1HWAAANs9c.jpg,
Tue May 30 19:29:39 +0000 2023,1663628757654011906,RCB A108 Alloy Level Set Handle Rem Tuas Rem Motor for Yamaha Nmax M1YWX0L  https://t.co/PnCnajhMnZ https://t.co/OfWxkevFga,0,0,0,0,en,1575681868032155648,1663628757654011906,bergnaumwsg,https://twitter.com/bergnaumwsg/status/1663628757654011906,https://pbs.twimg.com/media/FxZlh_fWcAEEV3m.jpg,
Mon Jul 17 13:09:12 +0000 2023,1680927632052060161,Sejak punya iphone 14 pro max yg seharga motor yamaha Nmax  banyak teman2 mulai mendekatü•∞ tapi cuma mau pinjam duitü´£buka usaha pinjol aja kali ya?ü§≠ü§£ https://t.co/ni8Yi2updF,0,0,0,5,in,1266280538,1680927632052060161,devadianjaya,https://twitter.com/devadianjaya/status/1680927632052060161,https://pbs.twimg.com/media/F1PawwSaAAIzFiB.jpg,"Denpasar, Bali"
Fri Jun 16 14:29:45 +0000 2023,1669713879361019904,Telah Hilang motor Yamaha Nmax warna hitam  dengan plat nomor ( F 3137 UBA )  Mohon pantauannya kawan kawan Sukabumi dan sekitarnya. @liketheearth  @sukabumitoday @Sukabumiupdate_ @infosmi_id https://t.co/bXQ9JBGHy8,0,1,1,1,in,1139926756431818752,1669713879361019904,fsxal,https://twitter.com/fsxal/status/1669713879361019904,https://pbs.twimg.com/media/FywD7LaaQAIoPkh.jpg,0266
Tue Mar 14 13:15:17 +0000 2023,1635630681006145536,Selasa   14 Maret 2023 pukul 10.00 wita  bertempat di Desa Kediri - Tabanan  Tim Seksi PB3R telah melaksanakan kegiatan Telaga Bakti (sistem layanan antar gratis barang bukti) berupa 1nunit Sepeda Motor Yamaha Nmax DK 4531 HQ warna hitam beserta STNK kepada pemiliknya. https://t.co/YKjRxomv8Z,0,0,0,0,in,1273810786628976640,1635630681006145536,TabananKejari,https://twitter.com/TabananKejari/status/1635630681006145536,https://pbs.twimg.com/ext_tw_video_thumb/1635630560424112128/pu/img/1wQ5MDZ7LEHlprSe.jpg,Jalan PB Sudirman No 5 Tabanan
Tue Feb 21 02:51:05 +0000 2023,1627863450394439684,The Yamaha NMAX is a popular scooter model from Yamaha Motor Company  a Japanese manufacturer of motorcycles  scooters  and other motorized vehicles. https://t.co/rQtU36gjRu,0,0,0,0,en,1523842837,1627863450394439684,Avmindonesia,https://twitter.com/Avmindonesia/status/1627863450394439684,,Indonesia
Tue Jun 06 18:36:49 +0000 2023,1666152176287371264,Banjarmasin Central Canada News Agency. meeting of the Federation of Sumatran Metal Punk Music Organizations. with Yamaha Nmax Motor Organization. to support @ganjarpranowo to become president of Indonesia https://t.co/eS1UbxZcSb,0,0,0,1,en,771497148,1666152176287371264,frog_gozilla,https://twitter.com/frog_gozilla/status/1666152176287371264,https://pbs.twimg.com/media/Fx9ckv0aIAAuaO4.jpg,Tanjung Tabalong Banjarmasin
Tue Apr 25 02:41:14 +0000 2023,1650691406883860480,First People  program Ajakin Yuk dari #FirstMediamalang hadir kembali dengan hadiah lebih HEBOH. Ada Motor Yamaha Lexi  Motor Yamaha Nmax  E-Voucher Belanja hingga Logam Mulia yang bisa kamu dapatkan! #wifimalang #wifimurahmalang #internetmalang #malanghits https://t.co/sJMspcjjZO,0,2,2,1,in,1542535927159201793,1650691406883860480,WifimalangFM,https://twitter.com/WifimalangFM/status/1650691406883860480,https://pbs.twimg.com/media/FuhvDkTacAAYTmF.jpg,"Malang, Jawa Timur"
Sat Dec 02 14:30:28 +0000 2023,1730957610923577812,TELAH HILANG MOTOR YAMAHA NMAX !!! https://t.co/8oSazZuHBT,0,0,0,0,in,1502906711966830595,1730957610923577812,Baliportal_news,https://twitter.com/Baliportal_news/status/1730957610923577812,https://pbs.twimg.com/media/GAWYt0XakAAaQgy.jpg,Bali
Wed Jul 12 11:21:00 +0000 2023,1679088465739395072,Stiker motor decal Yamaha NMAX New Green Stabillo Color Grafis Line Sport Race FullBody https://t.co/3FOWTeqSMV,0,0,0,0,en,2955446275,1679088465739395072,stiker_mr,https://twitter.com/stiker_mr/status/1679088465739395072,,"Klaten, Jawa Tengah, Indonesia"
Wed Jul 12 11:30:10 +0000 2023,1679090771151175683,Stiker motor decal Yamaha NMAX New Pink Line Tech Silver Matte Color Sky Racing FullBody https://t.co/BNP8mYJrQq,0,0,0,0,en,2955446275,1679090771151175683,stiker_mr,https://twitter.com/stiker_mr/status/1679090771151175683,,"Klaten, Jawa Tengah, Indonesia"
Wed Jul 12 11:26:02 +0000 2023,1679089731349676032,Stiker motor decal Yamaha NMAX New Blue Grafis Line Yellow Graphic Racing Keren FullBody https://t.co/wm2pBDMUSt,0,0,0,0,en,2955446275,1679089731349676032,stiker_mr,https://twitter.com/stiker_mr/status/1679089731349676032,,"Klaten, Jawa Tengah, Indonesia"
Thu Nov 30 17:35:37 +0000 2023,1730279429220475183,RCB A108 Alloy Level Set Handle Rem Tuas Rem Motor for Yamaha Nmax TCHMYVN  https://t.co/pdYodksNwA https://t.co/XEHeoZyL4f,0,0,0,0,en,1585689126904397837,1730279429220475183,hillsnbluu,https://twitter.com/hillsnbluu/status/1730279429220475183,https://pbs.twimg.com/media/GAMv9pRa8AENarn.jpg,
Sun Dec 10 02:10:37 +0000 2023,1733670524956328218,Power Classic Palang 18 Ring 13x350/400 Set Velg Racing Motor for Yamaha NMax - Merah 8MPDLR7  https://t.co/Ybz5OMOOhO https://t.co/vXgHUEM7ej,0,0,0,0,en,1588174344311771136,1733670524956328218,rolfson94cfj,https://twitter.com/rolfson94cfj/status/1733670524956328218,https://pbs.twimg.com/media/GA88JYFXMAArIbb.jpg,
Tue May 23 14:57:26 +0000 2023,1661023536646082569,Cek Klip Clip Body Motor Yamaha Nmax Vario PCX Aerox Beat Lexi Spacy ADV Universal Baut Rivet Baud Tumpul dengan harga Rp525. Dapatkan di Shopee sekarang! https://t.co/I2EkVIuLOH https://t.co/JcZoo68oMO,0,0,0,0,in,1283507904029450240,1661023536646082569,DFSSTORE18,https://twitter.com/DFSSTORE18/status/1661023536646082569,https://pbs.twimg.com/media/Fw0kGqAaEAENaMO.jpg,
Sat Mar 25 06:13:31 +0000 2023,1639510805594116099,Cek Bracket Lampu Tembak Sorot Breket Dudukan LED Braket Spakbor Motor Yamaha NMAX AEROX XMAX LEXI dengan harga Rp30.000. Dapatkan di Shopee sekarang! https://t.co/1OXsNhRYoy https://t.co/PMHysEW1JH,0,0,0,0,in,1637758163020816385,1639510805594116099,Pipihlutviah,https://twitter.com/Pipihlutviah/status/1639510805594116099,https://pbs.twimg.com/media/FsC2Y3VaMAElKfo.jpg,
Thu Jun 08 02:51:00 +0000 2023,1666638929750278144,Cek Spion Yamaha X1 /125z Original Yamaha Malaysia Spion X1 untuk motor YAMAHA  NMAX 155 AEROX 155 LEXI 125Z FIZR / DLL...  tulisan TIMBUL ( YAMAHA ) ORI. Dapatkan di Shopee sekarang! https://t.co/xStOMt1krv https://t.co/yJQGt4V3cb,0,0,0,0,in,1435464927133646853,1666638929750278144,aditama_dhea,https://twitter.com/aditama_dhea/status/1666638929750278144,https://pbs.twimg.com/media/FyEXRVnaMAEaWKv.jpg,
Sat Mar 25 13:00:24 +0000 2023,1639613199942311936,üåü STIKER MOTOR STIKER AEROX NMAX LOGO EMBLEM TIMBUL STIKER MOTOR YAMAHA NMAX AKSESORIS SEPEDA MOTOR üåü  ‚≠ê : 4 0 Link Produk : https://t.co/E9vvSds5Bc https://t.co/F6zvOZMAsk,0,0,0,0,in,1598310694025596928,1639613094581407748,ReihanTaine,https://twitter.com/ReihanTaine/status/1639613199942311936,https://pbs.twimg.com/media/FsETg8oaAAI7r_8.jpg,Jakarta
Thu Mar 23 06:17:59 +0000 2023,1638787152489361409,Bapak Entus Supriatna terlihat begitu senang ketika motor Yamaha Nmax yang telah hilang sejak tanggal 27 September 2021 karena dicuri berhasil ditemukan dan dikembalikan oleh Jajaran Personel Polsek Cilaku  Kamis (23/03/2023). https://t.co/xWdjvsbg3z,0,0,0,5,in,1166188967558934528,1638787152489361409,humaspolres_cjr,https://twitter.com/humaspolres_cjr/status/1638787152489361409,https://pbs.twimg.com/media/Fr4kOCKakAAwwJy.jpg,CJR
Sat Apr 08 14:22:10 +0000 2023,1644707207664271360,Ternyata Motor YAMAHA Nmax  Semakin terdepan,0,1,2,3,in,1091031753924403200,1644707207664271360,GInD0_,https://twitter.com/GInD0_/status/1644707207664271360,,indonesia
Thu Jul 13 09:15:05 +0000 2023,1679419165319495680,Nama Produk:  Aki Motor Yamaha NMax N Max N-Max GTZ6V/GTZ7S GS Gading Siam Accu Kering MF Harga Produk:  Rp200.000 Harga Diskon:  Rp146.554 üîß: https://t.co/kZB3QWnGpK  #AkiMotor #diskon https://t.co/WTaL9M6IPa,0,0,0,0,in,712124166,1679419165319495680,tjek_andreas,https://twitter.com/tjek_andreas/status/1679419165319495680,https://pbs.twimg.com/media/F05-zAyakAEnBtd.jpg,Medan
Fri Dec 01 10:30:05 +0000 2023,1730534728766484541,Aki motor Yamaha NMAX YTZ7V YUASA Accu kering JFXHLOE  https://t.co/KbDE4eYTuC https://t.co/zJ13ajIW8M,0,0,0,0,in,1585914829214212096,1730534728766484541,Franz25W,https://twitter.com/Franz25W/status/1730534728766484541,https://pbs.twimg.com/media/GAQYKBHaMAAg52r.jpg,
Fri Dec 01 14:48:57 +0000 2023,1730599874834649564,Aki Motor Yamaha Nmax YTZ7V Yuasa Accu Kering AWXNRYT  https://t.co/FBegOdaQKQ https://t.co/uqtKvZeqFv,0,0,0,0,tl,1585914829214212096,1730599874834649564,Franz25W,https://twitter.com/Franz25W/status/1730599874834649564,https://pbs.twimg.com/media/GARTaBTbEAAWnZF.jpg,
Mon Dec 11 23:00:43 +0000 2023,1734347507864633837,Decal Stiker Yamaha Nmax 155 New Fullbody Maxi Signature TERBARU COD Decal stiker nmax new  stiker nmax full body design Maxi Signature Decal Nmax 155 New Connected Full Body Stiker Sticker Motor Yamaha Modif Variasi Aksesoris Dekal Nmax Maxi Signature  https://t.co/n99aSYuzrE https://t.co/4nbS1iSXAz,0,0,0,0,en,1464952842859388929,1734347507864633837,yeshikazeline,https://twitter.com/yeshikazeline/status/1734347507864633837,https://pbs.twimg.com/media/GBGj3elbYAAuH5W.jpg,Jakarta Capital Region
Fri Jul 14 04:11:58 +0000 2023,1679705271378284544,Tabrak Lari di Jatinangor Sumedang Menewaskan Pengendara Motor Yamaha NMax https://t.co/i8iW6HeFpb,0,0,0,0,in,882090726,1679705271378284544,tahuekspres,https://twitter.com/tahuekspres/status/1679705271378284544,,Kota Sumedang
Fri Jul 14 12:11:09 +0000 2023,1679825859610566656,Tabrak Lari di Jatinangor Sumedang Menewaskan Pengendara Motor Yamaha NMax https://t.co/A57pWWZtNx,0,0,0,0,in,882090726,1679825859610566656,tahuekspres,https://twitter.com/tahuekspres/status/1679825859610566656,,Kota Sumedang
Fri Dec 01 11:05:25 +0000 2023,1730543620401635389,Jual motor Yamaha NMax bekas di https://t.co/GOxhnvbxQm dihargai tinggi. Bisa buat beli motor baru lagi... Asyik  Bro! https://t.co/xGN10RLVMY,0,0,0,0,in,90559369,1730543620401635389,sukarja,https://twitter.com/sukarja/status/1730543620401635389,https://pbs.twimg.com/media/GAQgQGFacAAy0Sb.jpg,Jakarta
Thu Nov 09 05:20:35 +0000 2023,1722484307208626503,Dau! Ada yang liat kunci motor yamaha nmax ga sekitaran bunderan gorjat? Dikuncinya ada eartag kecil warna kuning,2,2,2,5,in,1209457724599095296,1722484307208626503,DraftAnakUnpad,https://twitter.com/DraftAnakUnpad/status/1722484307208626503,,Jatinangor
Sat Jun 17 12:35:31 +0000 2023,1670047518363914243,"LUCKY SPINS HYSLOT   AUTO HOKI MAIN DIHYSLOT BISA DAPET :  -  HP IPHONE 14 PROMAX -  MOTOR YAMAHA NMAX -  LAPTOP ROG -  UANG TUNAI JUTAAN RUPIAH  hny dgn EVENT LUCKY SPIN INI   max 5 kupon perhari  BALAS   LUCKY SPINS ""  agar nia bantu proses ya syarat &amp; ketentuan berlaku https://t.co/PrWzXNUrur""",0,0,0,0,in,1664947093990158336,1670047518363914243,HYGMEN,https://twitter.com/HYGMEN/status/1670047518363914243,https://pbs.twimg.com/media/Fy0zRs5agAEzYuL.jpg,
Mon Jun 26 07:46:34 +0000 2023,1673236295764836352,"Hanya Rp 16 Jutaan  Cek Harga Motor Bekas Yamaha NMAX 2015-2016""  Bagi kamu yang ingin membeli skutik bongsor harga murah  Yamaha NMAX tahun 2015-2017 bisa jadi pilihannya.  https://t.co/WAwbgtc3kZ lewat @tribunjualbeli""",0,0,0,1,in,1101220231,1673236295764836352,TribunJualBeli,https://twitter.com/TribunJualBeli/status/1673236295764836352,,Indonesia
Sat Nov 04 04:28:43 +0000 2023,1720659315269501277,Mau dapetin Grand Prize Tesla dan Motor Yamaha Nmax? Yuk ikutan Danamon Hadiah Beruntun  langsung cus Nabung dan perbanyak transaksi ya #SemuaBisaMenang #MenangBerkalikali https://t.co/kSqdpXPLuy https://t.co/Pwr5AxYNUk,0,0,0,0,in,1102363813360283648,1720659315269501277,ininiakunsambat,https://twitter.com/ininiakunsambat/status/1720659315269501277,https://pbs.twimg.com/ext_tw_video_thumb/1720659272391122944/pu/img/lWJTuQywTM8Vx3_4.jpg,V.I.P
Mon Dec 11 23:39:51 +0000 2023,1734357359110025538,Yamaha Genuine Accessories Bracket Box Motor Yamaha NMax RR Carrier Kit Yamaha NMax S5QH7S4  https://t.co/yIOIvcTlc8 https://t.co/xIVMmJX5fB,0,0,0,0,tl,1584937475113472000,1734357359110025538,Beverly79W,https://twitter.com/Beverly79W/status/1734357359110025538,https://pbs.twimg.com/media/GBGs0SuWUAAIkDC.jpg,
Tue Nov 21 21:44:20 +0000 2023,1727080528694976781,Yamaha Genuine Accessories Bracket Box Motor Yamaha NMax RR Carrier Kit Yamaha NMax DDAKZ6U  https://t.co/oDImbQqslL https://t.co/eP0YBMMGRb,0,0,0,0,tl,1585030442771783695,1727080528694976781,barton3zzzlf,https://twitter.com/barton3zzzlf/status/1727080528694976781,https://pbs.twimg.com/media/F_fSlLlaQAAI_2c.jpg,
Mon Jan 09 10:01:44 +0000 2023,1612389148152791042,Rian Mahendra ternyata digaji Rp 20 juta per bulan oleh PO Haryanto. Namun ia mengaku hanya memiliki satu aset berupa motor Yamaha Nmax. Kok bisa?  https://t.co/dIpCDlzoRw,1,11,11,41,in,69183155,1612389148152791042,detikcom,https://twitter.com/detikcom/status/1612389148152791042,,"Jakarta, Indonesia"
Wed Sep 06 06:39:43 +0000 2023,1699311396801179692,Cek Klip Kancing Rivet Body Motor Yamaha Nmax Aerox SC dengan harga Rp873. Dapatkan di Shopee sekarang! https://t.co/9ajtEXmLJI https://t.co/ZyZonwvhMA,0,0,0,0,in,1592325932039012353,1699311396801179692,notopertomo,https://twitter.com/notopertomo/status/1699311396801179692,https://pbs.twimg.com/media/F5UqtdSaoAARaaP.jpg,
Sun Dec 03 20:58:31 +0000 2023,1731417654559412249,SHAD SH39 + Breket Box Motor Yamaha NMax - Paket Box Motor Shad [Terima Pemasangan Ke Rumah / Pemasangan di Toko] 6P8CG6Z  https://t.co/iMuyEPL5qt https://t.co/yuzym9lu7e,0,0,0,0,in,1585914829214212096,1731417654559412249,Franz25W,https://twitter.com/Franz25W/status/1731417654559412249,https://pbs.twimg.com/media/GAc7LGZbAAA3o2j.jpg,
Mon Aug 21 06:35:25 +0000 2023,1693512108028387366,"Cek Harga Motor Bekas Yamaha NMAX Tahun 2018 Akhir Agustus 2023""  Di pasar motor bekas  Yamaha NMAX menjadi salah satu skuter matik (skutik) yang banyak disukai pelanggan   https://t.co/kmGvYhQVUa lewat @tribunjualbeli""",0,0,0,1,in,1101220231,1693512108028387366,TribunJualBeli,https://twitter.com/TribunJualBeli/status/1693512108028387366,,Indonesia
Sun Nov 26 03:40:48 +0000 2023,1728619786765312398,Ayo ramaikan Danamon Hadiah Beruntun! Motor Yamaha Nmax bisa jadi hadiahmu  jangan sampai ketinggalan! Cekidot https://t.co/tUBZHFhlsz #MenangBerkalikali #SemuaBisaMenang https://t.co/PFt7BTxZjZ,0,0,0,0,in,1629437043284803585,1728619786765312398,sahfad2020,https://twitter.com/sahfad2020/status/1728619786765312398,https://pbs.twimg.com/ext_tw_video_thumb/1728619697241993216/pu/img/sKoxZNAes7Gmt-4M.jpg,Indonesia
Sun Oct 08 02:17:10 +0000 2023,1710841735407194397,3 Kendaraan Terlibat Kecelakaan di Bangkalan  Pengendara Motor Yamaha NMax Tewas di Lokasi Kejadian https://t.co/pxflDoMtGe,0,0,0,0,in,1855174896,1710841735407194397,kumpulanSBY,https://twitter.com/kumpulanSBY/status/1710841735407194397,,Surabaya - Indonesia
Sun Nov 05 03:57:34 +0000 2023,1721013860985909429,Rajin menabung tapi malah dapet hadiah motor Yamaha Nmax? Ayo langsung ikutan Danamon Hadiah Beruntun #SemuaBisaMenang #MenangBerkalikali  Cek info lebih lanjut di : https://t.co/FOEVOC1Vg5 https://t.co/jyKOPInACk,0,0,0,0,in,2757527585,1721013860985909429,gendqreuzt,https://twitter.com/gendqreuzt/status/1721013860985909429,https://pbs.twimg.com/ext_tw_video_thumb/1721013742299983872/pu/img/kQ1UqvoKTWnU6jf9.jpg,
Sat Jun 10 05:36:25 +0000 2023,1667405333818642432,Yamaha NMAX V1  Windshield SECTBILL Street Basic BMA Buks Motor Accessories Product Price:  ‚Ç±1 450 Discount Price:  ‚Ç±1 082.88 https://t.co/tIhcCAfrwP,0,0,0,0,en,1646685010924294144,1667405333818642432,LailanieCa58114,https://twitter.com/LailanieCa58114/status/1667405333818642432,,
Tue Dec 05 13:23:39 +0000 2023,1732027958305431557,Temukan dan dapatkan Klip Clip Body Motor Yamaha Nmax Vario PCX Aerox Beat Lexi Spacy ADV Universal Baut Rivet Baud Tumpul hanya Rp625 di Shopee sekarang juga! https://t.co/3v4w2c97EY #ShopeeID https://t.co/eb29yiwGNz,0,0,0,0,in,80767162,1732027958305431557,alendramarson,https://twitter.com/alendramarson/status/1732027958305431557,https://pbs.twimg.com/media/GAlmP9zbkAAMCz-.jpg,Bandung
Wed Nov 29 06:13:12 +0000 2023,1729745304679809094,Kehadiran Danamon Hadiah Beruntun emang paling ditunggu nihh  manfaatkan waktu sebaik mungkin buat join dehh ada tabungan berhadiah  cashback langsung bulanan  motor Yamaha Nmax bahkan grand prize Tesla https://t.co/55YZq6ChQB #SemuaBisaMenang #MenangBerkalikali https://t.co/TFwUndAn03,0,0,0,0,in,1695610428829958144,1729745304679809094,natywci,https://twitter.com/natywci/status/1729745304679809094,https://pbs.twimg.com/ext_tw_video_thumb/1729745245984948224/pu/img/p5MStf1IuzWsO8EF.jpg,
Tue Nov 28 05:23:39 +0000 2023,1729370447421333605,Selain grand prize tesla  Danamon Hadiah Beruntun kali ini juga ada motor Yamaha Nmax dan ada juga hadiah Cashback Langsung Bulanan. Pokonya masih banyak lagi deh. Rugi bgt kalo ga ikutan sih #SemuaBisaMenang #MenangBerkalikali  Info lebih lanjut : https://t.co/yh9M5IdHaj https://t.co/X2sggsjWyl,0,0,0,0,in,1654503589983952896,1729370447421333605,imtheboy01,https://twitter.com/imtheboy01/status/1729370447421333605,https://pbs.twimg.com/ext_tw_video_thumb/1729370401778909184/pu/img/ufmXmDlKlEO-4Kdd.jpg,Mars
Sun Dec 10 12:10:48 +0000 2023,1733821566159655339,suka deh kalau ada program Danamon Hadiah Beruntun bs dpt motor Yamaha Nmax jg. #SemuaBisaMenang #MenangBerkalikali  Info lebih lanjut : https://t.co/UCq82Hgu5R,0,0,0,0,in,1699754546468462592,1733821566159655339,Jumjumnrmjtn,https://twitter.com/Jumjumnrmjtn/status/1733821566159655339,,cbkist
Tue Feb 28 07:35:39 +0000 2023,1630471780438798337,Pas ngisi bensin di depanku motor Yamaha nmax  ngisi fulltank 100k,0,0,0,0,in,891943175853547520,1630471780438798337,wishkyes,https://twitter.com/wishkyes/status/1630471780438798337,,
Thu Apr 20 06:30:16 +0000 2023,1648937106318950400,https://t.co/EgrKeagrET ‚Äì Siapa sih yang tak kenal motor Yamaha NMAX? Pasti hampir setiap orang mengetahui motor tersebut.  Bagaimana... - https://t.co/SZYNS8GScN,0,0,0,0,in,2911181917,1648937106318950400,rctvcirebon,https://twitter.com/rctvcirebon/status/1648937106318950400,,Cirebon - Indonesia
Wed Nov 29 06:48:57 +0000 2023,1729754300685959352,Siapa yg suka berburu hadiah??! Aku kasih tau  ada Danamon Hadiah Beruntun ngasih hadiah mewah dan beragam! Mulai dari tabungan berhadiah  hadiah 3 bulanan motor Yamaha Nmax dan yg paling gokil ada grand prize Tesla!! https://t.co/B0zuHXuVnl #SemuaBisaMenang #MenangBerkalikali,0,0,0,0,in,1698219275675385856,1729754300685959352,amellingham,https://twitter.com/amellingham/status/1729754300685959352,,
Wed Nov 22 10:15:09 +0000 2023,1727269479078584492,Semua juga pasti mau kalo #SemuaBisaMenang dan #MenangBerkalikali di program Danamon Hadiah Beruntun ini. Hadiahnya keren2 begitu  ada motor Yamaha Nmax sampai Grand Prize Tesla. Auto ikutan sih ini https://t.co/LxXS9TBXWm,0,0,0,0,in,1712638507158827008,1727269479078584492,tyulku11,https://twitter.com/tyulku11/status/1727269479078584492,,
Tue Aug 01 00:13:52 +0000 2023,1686168330074537991,Gaji Presiden Jokowi Tiap Bulan: Setara Harga 2 Motor Yamaha Nmax https://t.co/y4kHmf9r4e,0,0,0,0,in,80543284,1686168330074537991,detikoto,https://twitter.com/detikoto/status/1686168330074537991,,"√úT: -6.311655,106.753334"
Sun Nov 05 06:37:43 +0000 2023,1721054166456660202,baik bgt emng Danamon  bisa ngasih motor Yamaha Nmax di program hadiah 3 bulanan Danamon Hadiah Beruntun  yukks ikutan jg https://t.co/05mAnf8JAj  #SemuaBisaMenang #MenangBerkalikali,0,0,0,0,in,1611890431947870208,1721054166456660202,pelipur_rindu11,https://twitter.com/pelipur_rindu11/status/1721054166456660202,,
Sat Nov 04 07:29:17 +0000 2023,1720704754794533272,Hadiah itu banyak banget  ada motor Yamaha Nmax dan grandprize nya ada Honda CR-V dan Tesla #SemuaBisaMenang #MenangBerkalikali Cek https://t.co/Hosye9TnKZ,0,0,0,0,in,254998100,1720704754794533272,yogishadika1453,https://twitter.com/yogishadika1453/status/1720704754794533272,,"Jakarta Selatan, DKI Jakarta"
Fri Oct 27 02:17:05 +0000 2023,1717727086167896301,Harga Dp Motor Yamaha NMax  Masih Ada Dibawah Rp 5 Juta https://t.co/zto7aDgcz6,0,0,0,0,in,1701853261597495296,1717727086167896301,OnlineJamb87336,https://twitter.com/OnlineJamb87336/status/1717727086167896301,,
Tue Dec 05 11:51:30 +0000 2023,1732004768162414808,Yakin gak mau motor Yamaha Nmax? Yuks buruan tingkatkan transaksi di Danamon  banyak hadiah di Danamon Hadiah Beruntun #SemuaBisaMenang #MenangBerkalikali  Info lebih lanjut : https://t.co/sNYoGuZTsh,0,0,0,1,in,1702882355684278272,1732004768162414808,kinan_teaa,https://twitter.com/kinan_teaa/status/1732004768162414808,,
Mon Dec 11 14:14:06 +0000 2023,1734214982383112619,Danamon Hadiah Beruntun ada Hadiah motor Yamaha Nmax  langsung nabung dan perbanyak transaksi agar kesempatan semakin besar. Danamon Hadiah Beruntun #SemuaBisaMenang #MenangBerkalikali  Info lebih lanjut : https://t.co/uSbJcGDYw7,0,0,0,0,in,1699935233217552384,1734214982383112619,LizaMelati96,https://twitter.com/LizaMelati96/status/1734214982383112619,,
Tue Nov 21 07:18:47 +0000 2023,1726862707109044712,Kalau kata ku sih rugi banget kalau gak ikutan nabung jadi makin semangat nih bisa dapet hadiah gini  Ada motor Yamaha Nmax juga loh Danamon Hadiah Beruntun #SemuaBisaMenang #MenangBerkalikali https://t.co/opbasTSVGm,0,0,0,0,in,1699467985415725058,1726862707109044712,YunitaSint,https://twitter.com/YunitaSint/status/1726862707109044712,,
Mon Feb 20 16:37:25 +0000 2023,1627709014787395584,NMAX LOGO EMBLEM TIMBUL STIKER MOTOR YAMAHA NMAX AKSESORIS SEPEDA MOTOR https://t.co/5mtCROQzBc #nmax #YAMAHA #YamahaNMax,0,0,0,0,in,90559369,1627709014787395584,sukarja,https://twitter.com/sukarja/status/1627709014787395584,,Jakarta
Sat Jun 10 10:12:12 +0000 2023,1667474739194138624,@shyntiar @tmc_restabesbdg Motor Yamaha NMAX Hilang Dicuri di Cimahi  Kejadian saat Subuh https://t.co/yIaiWTx1LI,0,1,0,0,in,150589950,1667377677467271169,PRFMnews,https://twitter.com/PRFMnews/status/1667474739194138624,,"Bandung, West Java, Indonesia"
Sun Nov 05 06:26:07 +0000 2023,1721051247669854378,Pas banget ini aku lagi butuh motor yamaha nmax  ikutan ahh dan ajak keluarga juga cuma di Danamon Hadiah Beruntun #SemuaBisaMenang #MenangBerkalikali https://t.co/Ly5TpfZQTS,0,0,0,0,in,1714838095231856640,1721051247669854378,jajanmeow_,https://twitter.com/jajanmeow_/status/1721051247669854378,,
Sun Oct 08 02:42:04 +0000 2023,1710848004088058012,3 Kendaraan Terlibat Kecelakaan di Bangkalan  Pengendara Motor Yamaha NMax Tewas di Lokasi Kejadian https://t.co/DLBB0smFuU,0,0,0,0,in,1489267183,1710848004088058012,jatimmembaca,https://twitter.com/jatimmembaca/status/1710848004088058012,,surabaya
Sat Dec 02 04:22:49 +0000 2023,1730804689946706099,Program undian berhadiah dari bank Danamon hadiahnya gokil banget. Mulai motor Yamaha Nmax sampe mobil Honda CR-V Hybrid. Untuk info lebih lanjut tentang Program Danamon Hadiah Beruntun bisa cek disini ya https://t.co/sSXYwqUaEz #SemuaBisaMenang #MenangBerkalikali https://t.co/hVmBeyklRq,0,0,0,0,in,283412017,1730804689946706099,BabuNewbie,https://twitter.com/BabuNewbie/status/1730804689946706099,https://pbs.twimg.com/ext_tw_video_thumb/1730804662771838976/pu/img/RJ0s2ISG0WNKn8uc.jpg,
Fri Nov 10 10:20:00 +0000 2023,1722922044743110851,rek minta tolong  barangkali aja ada yang nemu atau lihat kunci motor yamaha  nmax disekitaran parkiran pelangi sampe gedung b vokasi uner. Langsung rep ajaa nanti sender hubungin  thanku https://t.co/N4RqWn9mXF,0,0,2,2,in,2248751335,1722922044743110851,airlanggafess,https://twitter.com/airlanggafess/status/1722922044743110851,https://pbs.twimg.com/media/F-kLctZbgAAZLQI.jpg,"Kota Surabaya, Jawa Timur"
Mon Aug 14 06:31:50 +0000 2023,1690974492724764672,Doorprize: - 10 mobil MITSUBISHI XPANDER - 15 sepeda motor KAWASAKI NINJA 250 - 20 sepeda motor YAMAHA NMAX - 25 sepeda gunung POLYGON - Ratusan Handphone Android dan Iphone - 5 Mobil HONDA CRV - Ribuan Doorprize Lainya  Hiburan : Artis Top Ibukota,0,1,0,0,in,1135587504189403144,1690974489604190208,arllnzzh,https://twitter.com/arllnzzh/status/1690974492724764672,,"Doncaster, England"
Tue Nov 14 12:15:47 +0000 2023,1724400735889334771,Banh uda banh  banyak amat hadiah nya coi. Mana ada Tesla  Honda CR-V Hybrid  Sama Motor Yamaha Nmax?! ü•π cepet dah liat lebih jelas di sini: https://t.co/TmT1DccSmY  #SemuaBisaMenang #MenangBerkalikali,0,0,0,0,in,1723653086668115968,1724400735889334771,MipMipMupMupUuU,https://twitter.com/MipMipMupMupUuU/status/1724400735889334771,,
Thu Oct 19 02:29:21 +0000 2023,1714831067964932323,Panggilan buat kamu yang mau bawa pulang hadiah motor Yamaha NMax sampai dengan mobil Xpander Cross üì¢  Masih ada kesempatan buat ikutan Undi Undi Hepi dengan tukar 1 #TelkomselPoin di https://t.co/GmMXSl2Jiu. Buruan tukar #PoinHepi kamu dan menangin hadiahnya!  *S&amp;K berlaku https://t.co/2fvgkSgsXi,0,1,0,2,in,1390975938,1714831067964932323,TelkomselHalo,https://twitter.com/TelkomselHalo/status/1714831067964932323,https://pbs.twimg.com/ext_tw_video_thumb/1714831033823354880/pu/img/FzDuRIp7zyA6Cd7Y.jpg,
Sat Sep 23 17:58:47 +0000 2023,1705642885205647859,Aku nemu promo diskon menarik di Lazada nih. Yuk coba lihat! Nama Produk:  LAMPU LED DEPAN MOTOR YAMAHA NMAX 2 MODE PUTIH KUNING AUTOVISION Harga Produk:  Rp255.000 Harga Diskon:  Rp245.980 | https://t.co/Vbhjc1AuEg,0,0,0,0,in,1669724629567700994,1705642885205647859,letscheckme,https://twitter.com/letscheckme/status/1705642885205647859,,
Thu Oct 12 07:48:36 +0000 2023,1712374697495871680,Undi Undi Hepi hadir lagi dengan hadiah yang selalu bikin hepi ü•≥  Spesial di bulan Oktober  kamu bisa bawa hadiah mulai dari motor Yamaha NMax sampai mobil Xpander Cross! Caranya  cukup tukar 1 #TelkomselPoin di https://t.co/GmMXSl2Jiu. Yuk  tukar #PoinHepi kamu!  *S&amp;K berlaku https://t.co/6q5u5xQvkD,0,0,0,0,in,1390975938,1712374697495871680,TelkomselHalo,https://twitter.com/TelkomselHalo/status/1712374697495871680,https://pbs.twimg.com/ext_tw_video_thumb/1712374635554349056/pu/img/lAe6FY6EKdf3k9FS.jpg,
Sun Dec 10 12:31:07 +0000 2023,1733826676247933318,@ScherazadeMS Helm Repsol  ban Honda  motor Yamaha Nmax üóø,0,0,0,0,in,1511491151433711619,1733053389154734480,dieselmajapahit,https://twitter.com/dieselmajapahit/status/1733826676247933318,,
Sun Jun 11 04:37:05 +0000 2023,1667752791371313153,Diparkir di Teras Rumah  Motor Yamaha NMax Milik Warga Plupuh Sragen Raib https://t.co/3qUBJT77vp,0,0,0,0,in,155169715,1667752791371313153,soloposdotcom,https://twitter.com/soloposdotcom/status/1667752791371313153,,"Solo, Central Java, Indonesia"
Mon May 22 02:57:32 +0000 2023,1660479980839768064,sebelumnya. Setelah kunci kontak rusak dan mesin sepeda motor menyala  tersangka menyuruh Sdr.F untuk pergi  sedangkan tersangka memindahkan sepeda motor Yamaha NMax milik saksi korban. Namun baru saja tersangka berhasil memindahkan dalam jarak beberapa meter perbuatan ...,0,1,0,0,in,1266232975374430209,1660479972455383040,kejariJaktim,https://twitter.com/kejariJaktim/status/1660479980839768064,,
Wed Nov 22 05:00:03 +0000 2023,1727190182363799838,Rangka Kuat dan Tidak Rewel  Motor Yamaha NMAX Jadi Andalan H Faidur Untuk Bina Kegiatan Keagamaan di Wilayah Pelosok https://t.co/cAbSDyIflI,0,0,0,0,in,534955984,1727190182363799838,radarbanjarmsin,https://twitter.com/radarbanjarmsin/status/1727190182363799838,,Kalimantan Selatan
Sun Apr 09 02:30:39 +0000 2023,1644890537521217536,Motor Yamaha NMax yang ditumpangi dua orang masuk jurang sedalam 15 meter di Cadas Pangeran  Kabupaten Sumedang https://t.co/Eteid4Df40,0,0,0,2,in,23343960,1644890537521217536,kompascom,https://twitter.com/kompascom/status/1644890537521217536,,Jakarta
Fri Feb 17 10:59:58 +0000 2023,1626536930983948290,Video viral di media sosial menampilkan kondisi sebuah minimarket di Kemang  Jakarta Selatan  sudah dalam keadaan rusak akibat ditabrak motor Yamaha Nmax. https://t.co/XN28d2yopp,0,0,0,0,in,350668803,1626536930983948290,indozonemedia,https://twitter.com/indozonemedia/status/1626536930983948290,,Jakarta
Fri Jun 23 10:09:14 +0000 2023,1672185033929691139,Pre-registration Dragon Nest 2: Evolution bisa kamu lakukan di https://t.co/BaYJEm9fSb atau melalui AppStore &amp; PlayStore!  Kamu juga berkesempatan untuk mendapatkan  iPhone 14 Pro hingga  motor Yamaha NMAX! kunjungi https://t.co/BaYJEm9fSb untuk informasi lebih lanjut.,0,0,1,26,in,1316764688160485378,1672185029236248578,MythiaVTuber,https://twitter.com/MythiaVTuber/status/1672185033929691139,,ùêúùê®ùêùùê®ùê≠ ùêúùêöùêØùêû  ‚û£ 
Wed Mar 29 11:03:56 +0000 2023,1641033442228936707,Pas banget Bang Ottos lagi bagi-bagi THR nih! Nggak main-main  THR-nya motor Yamaha NMAX 155 Connected! Nggak cuma itu  ada juga emas 5gr  saldo digital dan voucher belanja! ü§ë  Mau tau cara dapetinnya gimana? Cek disini üëá,0,3,1,2,in,33464983,1641032859765952513,olxautos_id,https://twitter.com/olxautos_id/status/1641033442228936707,,Indonesia
Wed Jan 18 16:50:52 +0000 2023,1615753603410427918,Polisi mengungkap motor Yamaha Nmax milik korban begal dijual pelaku seharga Rp 6 4 juta. Saat ini polisi masih mencari motor tersebut. https://t.co/FSUvtHbxF2,0,0,0,1,in,69183155,1615753603410427918,detikcom,https://twitter.com/detikcom/status/1615753603410427918,,"Jakarta, Indonesia"
Wed Apr 12 03:36:46 +0000 2023,1645994341821972481,@yaniarsim Kabupaten sukoharjo malah lebih dahulu  punya agenda pejabat diajak touring harus pakai motor Yamaha  NMAX ,0,0,0,1,in,1644150574802436096,1645971085886918658,Basuki82482Yudi,https://twitter.com/Basuki82482Yudi/status/1645994341821972481,,
Sun Aug 13 12:14:59 +0000 2023,1690698462051123202,Doorprize: - *5 mobil HONDA CRV* - *10 mobil MITSUBIHSI EXPANDER* - *15 sepeda motor KAWASAKI NINJA 250* - *20 sepeda motor YAMAHA NMAX* - *25 sepeda gunung POLYGON* - *ratusan handphone android* - *ribuan doorprize lainya* _ *warna yang tersedia saja*,0,1,0,2,in,1614133244454375424,1690698353192087552,TxtdariDJB,https://twitter.com/TxtdariDJB/status/1690698462051123202,,Gentala Arasy
Thu Oct 12 05:55:00 +0000 2023,1712346106066055470,Pembalap Moto2  Alonso Lopez takjub saat orang Indonesia membantunya membuat duplikat kunci motor Yamaha Nmax yang hilang https://t.co/dlP0vEubT3,0,0,0,0,in,231355136,1712346106066055470,SINDOnews,https://twitter.com/SINDOnews/status/1712346106066055470,,"Jakarta Pusat, DKI Jakarta"
Mon Oct 09 02:24:42 +0000 2023,1711206018850672698,Jadi  pas Alonso lagi nunggu balapan Moto2 dimulai  dia iseng-iseng jalan-jalan naik motor Yamaha Nmax.    Dia kehilangan kuncinya! Nah  dia bingung banget tuh gimana caranya buka kunci motor itu.,0,1,0,0,in,1417808011024683011,1711206015612690769,buddykuofficial,https://twitter.com/buddykuofficial/status/1711206018850672698,,
